{
	"tags": null,
	"position": [
		7.358891487121582,
		4.958309173583984,
		6.925790786743164
	],
	"rotation": [
		0,
		0,
		0
	],
	"rotationQuaternion": [
		0.483536034822464,
		0.33687159419059753,
		-0.20870360732078552,
		0.7804827094078064
	],
	"scaling": [
		1,
		1,
		1
	],
	"billboardMode": 0,
	"scalingDeterminant": 1,
	"infiniteDistance": false,
	"ignoreNonUniformScaling": false,
	"reIntegrateRotationIntoRotationQuaternion": false,
	"name": "Camera",
	"id": "997d3f40-b47b-420c-ae45-0ffb615d7974",
	"state": "",
	"metadata": {
		"gltf": {
			"pointers": [
				"/nodes/1"
			],
			"editorDone": true
		}
	},
	"type": "TransformNode",
	"parentId": "b93de967-ff15-4f21-900e-4ad96d4fe03d",
	"localMatrix": {
		"0": 1,
		"1": 0,
		"2": 0,
		"3": 0,
		"4": 0,
		"5": 1,
		"6": 0,
		"7": 0,
		"8": 0,
		"9": 0,
		"10": 1,
		"11": 0,
		"12": 0,
		"13": 0,
		"14": 0,
		"15": 1
	},
	"isEnabled": true
}