{
	"tags": null,
	"position": [
		7.358891487121582,
		15.021088600158691,
		6.925790786743164
	],
	"rotation": [
		0,
		0,
		0
	],
	"rotationQuaternion": [
		0.483536034822464,
		0.33687159419059753,
		-0.20870360732078552,
		0.7804827094078064
	],
	"scaling": [
		1,
		1,
		1
	],
	"billboardMode": 0,
	"scalingDeterminant": 1,
	"infiniteDistance": false,
	"ignoreNonUniformScaling": false,
	"reIntegrateRotationIntoRotationQuaternion": false,
	"name": "Camera",
	"id": "224a39cd-b37d-420f-8ee5-b3113dc578f6",
	"state": "",
	"metadata": {
		"gltf": {
			"pointers": [
				"/nodes/2"
			],
			"editorDone": true
		}
	},
	"type": "TransformNode",
	"parentId": "df479701-7d74-4c59-aa4d-693040051dea",
	"localMatrix": {
		"0": 1,
		"1": 0,
		"2": 0,
		"3": 0,
		"4": 0,
		"5": 1,
		"6": 0,
		"7": 0,
		"8": 0,
		"9": 0,
		"10": 1,
		"11": 0,
		"12": 0,
		"13": 0,
		"14": 0,
		"15": 1
	},
	"isEnabled": true
}