{
	"tags": null,
	"position": [
		4.076245307922363,
		5.903861999511719,
		-1.0054539442062378
	],
	"rotation": [
		0,
		0,
		0
	],
	"rotationQuaternion": [
		0.16907575726509094,
		0.7558803558349609,
		-0.27217137813568115,
		0.570947527885437
	],
	"scaling": [
		1,
		1,
		1
	],
	"billboardMode": 0,
	"scalingDeterminant": 1,
	"infiniteDistance": false,
	"ignoreNonUniformScaling": false,
	"reIntegrateRotationIntoRotationQuaternion": false,
	"name": "Light",
	"id": "0a7be51b-7b8c-4b99-a2e8-e106eb1e2d2c",
	"state": "",
	"metadata": {
		"gltf": {
			"pointers": [
				"/nodes/0"
			],
			"editorDone": true
		}
	},
	"type": "TransformNode",
	"parentId": "df32d574-6521-4842-9c93-b74bd5d18d4b",
	"localMatrix": {
		"0": 1,
		"1": 0,
		"2": 0,
		"3": 0,
		"4": 0,
		"5": 1,
		"6": 0,
		"7": 0,
		"8": 0,
		"9": 0,
		"10": 1,
		"11": 0,
		"12": 0,
		"13": 0,
		"14": 0,
		"15": 1
	},
	"isEnabled": true
}