{
	"tags": null,
	"position": [
		4.076245307922363,
		15.966641426086426,
		-1.0054539442062378
	],
	"rotation": [
		0,
		0,
		0
	],
	"rotationQuaternion": [
		0.16907575726509094,
		0.7558803558349609,
		-0.27217137813568115,
		0.570947527885437
	],
	"scaling": [
		1,
		1,
		1
	],
	"billboardMode": 0,
	"scalingDeterminant": 1,
	"infiniteDistance": false,
	"ignoreNonUniformScaling": false,
	"reIntegrateRotationIntoRotationQuaternion": false,
	"name": "Light",
	"id": "4da93e5c-d6ae-4390-89ba-b59811554220",
	"state": "",
	"metadata": {
		"gltf": {
			"pointers": [
				"/nodes/1"
			],
			"editorDone": true
		},
		"script": {
			"name": "None"
		},
		"doNotExport": false
	},
	"type": "TransformNode",
	"parentId": "df479701-7d74-4c59-aa4d-693040051dea",
	"localMatrix": {
		"0": 1,
		"1": 0,
		"2": 0,
		"3": 0,
		"4": 0,
		"5": 1,
		"6": 0,
		"7": 0,
		"8": 0,
		"9": 0,
		"10": 1,
		"11": 0,
		"12": 0,
		"13": 0,
		"14": 0,
		"15": 1
	},
	"isEnabled": true
}