{
	"tags": null,
	"position": [
		-0.10379499942064285,
		-0.1467919945716858,
		0
	],
	"rotation": [
		0,
		0,
		0
	],
	"rotationQuaternion": [
		0.7071068286895752,
		0,
		0,
		0.7071067094802856
	],
	"scaling": [
		0.009999999776482582,
		0.010000000707805157,
		0.010000000707805157
	],
	"billboardMode": 0,
	"scalingDeterminant": 1,
	"infiniteDistance": false,
	"ignoreNonUniformScaling": false,
	"reIntegrateRotationIntoRotationQuaternion": false,
	"name": "Super_Rifle_Low",
	"id": "3ea81ac7-ce73-446c-8e12-ec2e92cc8c3e",
	"state": "",
	"metadata": {
		"gltf": {
			"pointers": [
				"/nodes/3"
			],
			"editorDone": true
		},
		"script": {
			"name": "None"
		}
	},
	"type": "TransformNode",
	"parentId": "f2cbf360-c763-46fa-881a-2219a1e7e97a",
	"localMatrix": {
		"0": 1,
		"1": 0,
		"2": 0,
		"3": 0,
		"4": 0,
		"5": 1,
		"6": 0,
		"7": 0,
		"8": 0,
		"9": 0,
		"10": 1,
		"11": 0,
		"12": 0,
		"13": 0,
		"14": 0,
		"15": 1
	},
	"isEnabled": true
}