{
	"materials": [],
	"meshes": [
		{
			"name": "PM3D_Cube3D1_11",
			"id": "4a47741a-8971-41c3-b09c-f0ee87553a92",
			"uniqueId": 21,
			"type": "Mesh",
			"position": [
				0,
				10.062779426574707,
				0
			],
			"rotationQuaternion": [
				0,
				0,
				0,
				1
			],
			"scaling": [
				1,
				1,
				1
			],
			"localMatrix": {
				"0": 1,
				"1": 0,
				"2": 0,
				"3": 0,
				"4": 0,
				"5": 1,
				"6": 0,
				"7": 0,
				"8": 0,
				"9": 0,
				"10": 1,
				"11": 0,
				"12": 0,
				"13": 0,
				"14": 0,
				"15": 1
			},
			"isEnabled": true,
			"isVisible": true,
			"infiniteDistance": false,
			"pickable": true,
			"receiveShadows": false,
			"billboardMode": 0,
			"visibility": 1,
			"checkCollisions": false,
			"isBlocker": false,
			"overrideMaterialSideOrientation": 0,
			"parentId": "d646f8ad-4585-49b4-8232-f82e15cab55d",
			"isUnIndexed": false,
			"geometryId": "9ab0e0f2-54a0-4561-8961-bc54c7a44e09",
			"subMeshes": null,
			"materialId": "009e8043-53c8-447c-9bd4-1823d329a177",
			"metadata": {
				"gltf": {
					"pointers": [
						"/meshes/7/primitives/0",
						"/nodes/10"
					]
				},
				"basePoseMatrix": {
					"0": -1,
					"1": 0,
					"2": 0,
					"3": 0,
					"4": 0,
					"5": 1,
					"6": 0,
					"7": 0,
					"8": 0,
					"9": 0,
					"10": -1,
					"11": 0,
					"12": 6.774474143981934,
					"13": -10.062779426574707,
					"14": 15.705277442932129,
					"15": 1
				},
				"originalSourceFile": {
					"id": "PM3D_Cube3D1_11",
					"name": "PM3D_Cube3D1_11",
					"sceneFileName": "testfield.glb"
				},
				"isPickable": true
			},
			"instances": [],
			"animations": [],
			"ranges": [],
			"layerMask": 268435455,
			"alphaIndex": 1.7976931348623157e+308,
			"hasVertexAlpha": true,
			"overlayAlpha": 0.3,
			"overlayColor": [
				1,
				0,
				0
			],
			"applyFog": true,
			"delayLoadingFile": "geometries/9ab0e0f2-54a0-4561-8961-bc54c7a44e09.babylonbinarymeshdata",
			"boundingBoxMaximum": [
				23.73770523071289,
				-6.109528064727783,
				0.8529807329177856
			],
			"boundingBoxMinimum": [
				19.29793930053711,
				-10.109526634216309,
				-3.5868000984191895
			],
			"_binaryInfo": {
				"positionsAttrDesc": {
					"count": 288,
					"stride": 3,
					"offset": 0,
					"dataType": 1
				},
				"normalsAttrDesc": {
					"count": 288,
					"stride": 3,
					"offset": 1152,
					"dataType": 1
				},
				"colorsAttrDesc": {
					"count": 384,
					"stride": 4,
					"offset": 2304,
					"dataType": 1
				},
				"indicesAttrDesc": {
					"count": 144,
					"stride": 1,
					"offset": 3840,
					"dataType": 0
				},
				"subMeshesAttrDesc": {
					"count": 1,
					"stride": 5,
					"offset": 4416,
					"dataType": 0
				}
			},
			"positions": null,
			"normals": null,
			"colors": null,
			"indices": null
		}
	],
	"multiMaterials": [],
	"lods": []
}