{
	"materials": [],
	"meshes": [
		{
			"name": "PM3D_Cylinder3D1_2",
			"id": "2e9d44e3-467f-41e9-b020-43989324eb54",
			"uniqueId": 24,
			"type": "Mesh",
			"position": [
				0,
				10.062779426574707,
				0
			],
			"rotationQuaternion": [
				0,
				0,
				0,
				1
			],
			"scaling": [
				1,
				1,
				1
			],
			"localMatrix": {
				"0": 1,
				"1": 0,
				"2": 0,
				"3": 0,
				"4": 0,
				"5": 1,
				"6": 0,
				"7": 0,
				"8": 0,
				"9": 0,
				"10": 1,
				"11": 0,
				"12": 0,
				"13": 0,
				"14": 0,
				"15": 1
			},
			"isEnabled": true,
			"isVisible": true,
			"infiniteDistance": false,
			"pickable": true,
			"receiveShadows": false,
			"billboardMode": 0,
			"visibility": 1,
			"checkCollisions": false,
			"isBlocker": false,
			"overrideMaterialSideOrientation": 0,
			"parentId": "d646f8ad-4585-49b4-8232-f82e15cab55d",
			"isUnIndexed": false,
			"geometryId": "30c324dc-db27-4e15-8435-cfb4624d6005",
			"subMeshes": null,
			"materialId": "44c82bc1-af67-479a-8f47-763ae1db7c87",
			"metadata": {
				"gltf": {
					"pointers": [
						"/meshes/8/primitives/0",
						"/nodes/11"
					]
				},
				"basePoseMatrix": {
					"0": -1,
					"1": 0,
					"2": 0,
					"3": 0,
					"4": 0,
					"5": 1,
					"6": 0,
					"7": 0,
					"8": 0,
					"9": 0,
					"10": -1,
					"11": 0,
					"12": 6.774474143981934,
					"13": -10.062779426574707,
					"14": 15.705277442932129,
					"15": 1
				},
				"originalSourceFile": {
					"id": "PM3D_Cylinder3D1_2",
					"name": "PM3D_Cylinder3D1_2",
					"sceneFileName": "testfield.glb"
				},
				"isPickable": true
			},
			"instances": [],
			"animations": [],
			"ranges": [],
			"layerMask": 268435455,
			"alphaIndex": 1.7976931348623157e+308,
			"hasVertexAlpha": true,
			"overlayAlpha": 0.3,
			"overlayColor": [
				1,
				0,
				0
			],
			"applyFog": true,
			"delayLoadingFile": "geometries/30c324dc-db27-4e15-8435-cfb4624d6005.babylonbinarymeshdata",
			"boundingBoxMaximum": [
				37.849239349365234,
				-2.2576498985290527,
				53.372676849365234
			],
			"boundingBoxMinimum": [
				0.9275446534156799,
				-10.332809448242188,
				-45.58088302612305
			],
			"_binaryInfo": {
				"positionsAttrDesc": {
					"count": 5673,
					"stride": 3,
					"offset": 0,
					"dataType": 1
				},
				"normalsAttrDesc": {
					"count": 5673,
					"stride": 3,
					"offset": 22692,
					"dataType": 1
				},
				"colorsAttrDesc": {
					"count": 7564,
					"stride": 4,
					"offset": 45384,
					"dataType": 1
				},
				"indicesAttrDesc": {
					"count": 2880,
					"stride": 1,
					"offset": 75640,
					"dataType": 0
				},
				"subMeshesAttrDesc": {
					"count": 1,
					"stride": 5,
					"offset": 87160,
					"dataType": 0
				}
			},
			"positions": null,
			"normals": null,
			"colors": null,
			"indices": null
		}
	],
	"multiMaterials": [],
	"lods": []
}