{
	"materials": [],
	"meshes": [
		{
			"name": "PM3D_Ring3D1",
			"id": "74124f5c-08ca-49fe-87cb-18963506627e",
			"uniqueId": 19,
			"type": "Mesh",
			"position": [
				0,
				10.062779426574707,
				0
			],
			"rotationQuaternion": [
				0,
				0,
				0,
				1
			],
			"scaling": [
				1,
				1,
				1
			],
			"localMatrix": {
				"0": 1,
				"1": 0,
				"2": 0,
				"3": 0,
				"4": 0,
				"5": 1,
				"6": 0,
				"7": 0,
				"8": 0,
				"9": 0,
				"10": 1,
				"11": 0,
				"12": 0,
				"13": 0,
				"14": 0,
				"15": 1
			},
			"isEnabled": true,
			"isVisible": true,
			"infiniteDistance": false,
			"pickable": true,
			"receiveShadows": false,
			"billboardMode": 0,
			"visibility": 1,
			"checkCollisions": false,
			"isBlocker": false,
			"overrideMaterialSideOrientation": 0,
			"parentId": "d646f8ad-4585-49b4-8232-f82e15cab55d",
			"isUnIndexed": false,
			"geometryId": "6437678a-956b-45a2-852e-b387124954c5",
			"subMeshes": null,
			"materialId": "8e0ecf85-6554-439a-8083-7e3c371c597a",
			"metadata": {
				"gltf": {
					"pointers": [
						"/meshes/0/primitives/0",
						"/nodes/2"
					]
				},
				"basePoseMatrix": {
					"0": -1,
					"1": 0,
					"2": 0,
					"3": 0,
					"4": 0,
					"5": 1,
					"6": 0,
					"7": 0,
					"8": 0,
					"9": 0,
					"10": -1,
					"11": 0,
					"12": 6.774474143981934,
					"13": -10.062779426574707,
					"14": 15.705277442932129,
					"15": 1
				},
				"originalSourceFile": {
					"id": "PM3D_Ring3D1",
					"name": "PM3D_Ring3D1",
					"sceneFileName": "testfield.glb"
				},
				"isPickable": true
			},
			"instances": [],
			"animations": [],
			"ranges": [],
			"layerMask": 268435455,
			"alphaIndex": 1.7976931348623157e+308,
			"hasVertexAlpha": true,
			"overlayAlpha": 0.3,
			"overlayColor": [
				1,
				0,
				0
			],
			"applyFog": true,
			"delayLoadingFile": "geometries/6437678a-956b-45a2-852e-b387124954c5.babylonbinarymeshdata",
			"boundingBoxMaximum": [
				14.83866024017334,
				6.5671916007995605,
				-8.397913932800293
			],
			"boundingBoxMinimum": [
				7.884619235992432,
				4.488369941711426,
				-15.892292022705078
			],
			"_binaryInfo": {
				"positionsAttrDesc": {
					"count": 117,
					"stride": 3,
					"offset": 0,
					"dataType": 1
				},
				"normalsAttrDesc": {
					"count": 117,
					"stride": 3,
					"offset": 468,
					"dataType": 1
				},
				"colorsAttrDesc": {
					"count": 156,
					"stride": 4,
					"offset": 936,
					"dataType": 1
				},
				"indicesAttrDesc": {
					"count": 78,
					"stride": 1,
					"offset": 1560,
					"dataType": 0
				},
				"subMeshesAttrDesc": {
					"count": 1,
					"stride": 5,
					"offset": 1872,
					"dataType": 0
				}
			},
			"positions": null,
			"normals": null,
			"colors": null,
			"indices": null
		}
	],
	"multiMaterials": [],
	"lods": []
}