{
	"tags": null,
	"ellipsoid": [
		0.5,
		1,
		0.5
	],
	"ellipsoidOffset": [
		0,
		0,
		0
	],
	"checkCollisions": true,
	"applyGravity": true,
	"rotation": [
		-0.04305067363720088,
		-12.525617316634717,
		1.7167265859003078e-10
	],
	"speed": 1.5,
	"position": [
		-43.064910888671875,
		0.999999463558197,
		-44.65068817138672
	],
	"upVector": [
		0.0009119240567088127,
		0.9999924302101135,
		0.0037845552433282137
	],
	"fov": 0.8,
	"minZ": 1,
	"maxZ": 50625,
	"inertia": 0.9,
	"mode": 0,
	"layerMask": 268435455,
	"fovMode": 0,
	"cameraRigMode": 0,
	"name": "PlayerCamera",
	"id": "a34b79f0-f744-4f43-b3fc-9057868cd6f3",
	"state": "",
	"metadata": {
		"script": {
			"name": "src/scenes/MainMap/camera.ts"
		},
		"doNotExport": false
	},
	"type": "UniversalCamera",
	"inputsmgr": {
		"FreeCameraKeyboardMoveInput": {
			"tags": null,
			"keysUp": [
				75
			],
			"keysUpward": [
				33
			],
			"keysDown": [
				40
			],
			"keysDownward": [
				34
			],
			"keysLeft": [
				37
			],
			"keysRight": [
				39
			]
		},
		"FreeCameraMouseInput": {
			"tags": null,
			"buttons": [
				0,
				1,
				2
			],
			"angularSensibility": 2000
		}
	},
	"animations": [],
	"ranges": []
}