{
	"meshes": [
		{
			"name": "__root__",
			"id": "418f5580-5f32-4803-935a-1708de50ecdc",
			"uniqueId": 8,
			"type": "Mesh",
			"position": [
				0.12559834122657776,
				2.4080567359924316,
				-5.161075115203857
			],
			"rotationQuaternion": [
				-0.7071067811865474,
				4.329789126702973e-17,
				0.7071067811865477,
				-4.329771345590353e-17
			],
			"scaling": [
				0.9999997615814209,
				-1.000000238418579,
				1.0000001192092896
			],
			"localMatrix": {
				"0": 1,
				"1": 0,
				"2": 0,
				"3": 0,
				"4": 0,
				"5": 1,
				"6": 0,
				"7": 0,
				"8": 0,
				"9": 0,
				"10": 1,
				"11": 0,
				"12": 0,
				"13": 0,
				"14": 0,
				"15": 1
			},
			"isEnabled": true,
			"isVisible": true,
			"infiniteDistance": false,
			"pickable": true,
			"receiveShadows": false,
			"billboardMode": 0,
			"visibility": 1,
			"checkCollisions": false,
			"isBlocker": false,
			"overrideMaterialSideOrientation": null,
			"isUnIndexed": false,
			"metadata": {
				"basePoseMatrix": {
					"0": -1,
					"1": 0,
					"2": 0,
					"3": 0,
					"4": 0,
					"5": 1,
					"6": 0,
					"7": 0,
					"8": 0,
					"9": 0,
					"10": 1,
					"11": 0,
					"12": 0,
					"13": 0,
					"14": 0,
					"15": 1
				},
				"originalSourceFile": {
					"id": "__root__",
					"name": "__root__",
					"sceneFileName": "uploads_files_2770156_House#3+SmartMaterials.glb"
				},
				"isPickable": true,
				"script": {
					"name": "None"
				},
				"renderingGroupId": 0
			},
			"instances": [],
			"animations": [],
			"ranges": [],
			"layerMask": 268435455,
			"alphaIndex": 1.7976931348623157e+308,
			"hasVertexAlpha": false,
			"overlayAlpha": 0.5,
			"overlayColor": [
				1,
				0,
				0
			],
			"applyFog": true
		}
	],
	"materials": [],
	"multiMaterials": [],
	"lods": []
}