{
	"materials": [],
	"meshes": [
		{
			"name": "Mirror_ground",
			"id": "1994f2d6-6b12-4c89-8586-a657dab0eede",
			"uniqueId": 21,
			"type": "Mesh",
			"position": [
				0,
				4,
				-7.343613624572754
			],
			"rotationQuaternion": [
				0.7071068286898278,
				0,
				0,
				0.7071067336832705
			],
			"scaling": [
				4,
				0.10000001639127822,
				4.000000476837194
			],
			"localMatrix": {
				"0": 1,
				"1": 0,
				"2": 0,
				"3": 0,
				"4": 0,
				"5": 1,
				"6": 0,
				"7": 0,
				"8": 0,
				"9": 0,
				"10": 1,
				"11": 0,
				"12": 0,
				"13": 0,
				"14": 0,
				"15": 1
			},
			"isEnabled": true,
			"isVisible": true,
			"infiniteDistance": false,
			"pickable": true,
			"receiveShadows": false,
			"billboardMode": 0,
			"visibility": 1,
			"checkCollisions": false,
			"isBlocker": false,
			"overrideMaterialSideOrientation": 0,
			"parentId": "67ecad21-2faf-451b-8e91-642418b6791e",
			"isUnIndexed": false,
			"geometryId": "e95e961c-617e-4daa-a353-d7f7cd7edaea",
			"subMeshes": null,
			"materialId": "5520be15-9f65-488f-9476-5fd2351b7bcd",
			"metadata": {
				"gltf": {
					"pointers": [
						"/meshes/3/primitives/0",
						"/nodes/3"
					]
				},
				"basePoseMatrix": {
					"0": -0.25,
					"1": 0,
					"2": 0,
					"3": 0,
					"4": 0,
					"5": -0.0000013435882237899932,
					"6": -0.2499999701976776,
					"7": 0,
					"8": 0,
					"9": 9.999998092651367,
					"10": -3.35897070158353e-8,
					"11": 0,
					"12": 0,
					"13": 40,
					"14": 0.9999997615814209,
					"15": 1
				},
				"originalSourceFile": {
					"id": "Mirror_ground",
					"name": "Mirror_ground",
					"sceneFileName": "ReflectionTest.glb"
				},
				"isPickable": true,
				"script": {
					"name": "None"
				},
				"renderingGroupId": 0
			},
			"instances": [
				{
					"name": "Mirror_ground (Mesh Instance)",
					"id": "781c6eb9-61ad-4fc3-983b-dac3d73b76bd",
					"isEnabled": true,
					"isVisible": true,
					"isPickable": true,
					"checkCollisions": false,
					"position": [
						-0.9089977145195007,
						3.9999992847442627,
						3.6123557090759277
					],
					"scaling": [
						7,
						0.10000001639127822,
						7.000000000000063
					],
					"parentId": "67ecad21-2faf-451b-8e91-642418b6791e",
					"rotationQuaternion": [
						0.7071068286935005,
						0,
						0,
						0.7071067336795978
					],
					"metadata": {
						"isPickable": true,
						"script": {
							"name": "None"
						},
						"renderingGroupId": 0
					},
					"animations": [],
					"ranges": []
				}
			],
			"animations": [],
			"ranges": [],
			"layerMask": 268435455,
			"alphaIndex": 1.7976931348623157e+308,
			"hasVertexAlpha": false,
			"overlayAlpha": 0.3,
			"overlayColor": [
				1,
				0,
				0
			],
			"applyFog": true,
			"delayLoadingFile": "geometries/e95e961c-617e-4daa-a353-d7f7cd7edaea.babylonbinarymeshdata",
			"boundingBoxMaximum": [
				1,
				1,
				1
			],
			"boundingBoxMinimum": [
				-1,
				-1,
				-1
			],
			"_binaryInfo": {
				"positionsAttrDesc": {
					"count": 72,
					"stride": 3,
					"offset": 0,
					"dataType": 1
				},
				"normalsAttrDesc": {
					"count": 72,
					"stride": 3,
					"offset": 288,
					"dataType": 1
				},
				"uvsAttrDesc": {
					"count": 48,
					"stride": 2,
					"offset": 576,
					"dataType": 1
				},
				"indicesAttrDesc": {
					"count": 36,
					"stride": 1,
					"offset": 768,
					"dataType": 0
				},
				"subMeshesAttrDesc": {
					"count": 1,
					"stride": 5,
					"offset": 912,
					"dataType": 0
				}
			},
			"positions": null,
			"normals": null,
			"uvs": null,
			"hasUVs": true,
			"indices": null
		}
	],
	"multiMaterials": [],
	"lods": []
}