{
	"materials": [],
	"meshes": [
		{
			"name": "Roof",
			"id": "215108fa-3361-403c-a080-156f1668afe7",
			"uniqueId": 17,
			"type": "Mesh",
			"position": [
				0,
				0.6849539875984192,
				0
			],
			"rotationQuaternion": [
				0,
				0,
				0,
				1
			],
			"scaling": [
				1.1690764427185059,
				1.1690764427185059,
				1.7536145448684692
			],
			"localMatrix": {
				"0": 1,
				"1": 0,
				"2": 0,
				"3": 0,
				"4": 0,
				"5": 1,
				"6": 0,
				"7": 0,
				"8": 0,
				"9": 0,
				"10": 1,
				"11": 0,
				"12": 0,
				"13": 0,
				"14": 0,
				"15": 1
			},
			"isEnabled": true,
			"isVisible": true,
			"infiniteDistance": false,
			"pickable": true,
			"receiveShadows": false,
			"billboardMode": 0,
			"visibility": 1,
			"checkCollisions": false,
			"isBlocker": false,
			"overrideMaterialSideOrientation": 0,
			"parentId": "418f5580-5f32-4803-935a-1708de50ecdc",
			"isUnIndexed": false,
			"geometryId": "1805cef2-57b6-467f-bde9-a1ac7cd40b9a",
			"subMeshes": null,
			"materialId": "31e2835c-93c9-4d32-a648-f600e117fd5e",
			"metadata": {
				"gltf": {
					"pointers": [
						"/meshes/3/primitives/0",
						"/nodes/5"
					]
				},
				"basePoseMatrix": {
					"0": -0.8553760647773743,
					"1": 0,
					"2": 0,
					"3": 0,
					"4": 0,
					"5": 0.8553760647773743,
					"6": 0,
					"7": 0,
					"8": 0,
					"9": 0,
					"10": 0.5702507495880127,
					"11": 0,
					"12": 0,
					"13": -0.5858932137489319,
					"14": 0,
					"15": 1
				},
				"originalSourceFile": {
					"id": "Roof",
					"name": "Roof",
					"sceneFileName": "uploads_files_2770156_House#3+SmartMaterials.glb"
				},
				"isPickable": true
			},
			"instances": [],
			"animations": [],
			"ranges": [],
			"layerMask": 268435455,
			"alphaIndex": 1.7976931348623157e+308,
			"hasVertexAlpha": false,
			"overlayAlpha": 0.3,
			"overlayColor": [
				1,
				0,
				0
			],
			"applyFog": true,
			"delayLoadingFile": "geometries/1805cef2-57b6-467f-bde9-a1ac7cd40b9a.babylonbinarymeshdata",
			"boundingBoxMaximum": [
				1.2998783588409424,
				2.4281718730926514,
				1
			],
			"boundingBoxMinimum": [
				-1.2998783588409424,
				1,
				-1
			],
			"_binaryInfo": {
				"positionsAttrDesc": {
					"count": 1710,
					"stride": 3,
					"offset": 0,
					"dataType": 1
				},
				"normalsAttrDesc": {
					"count": 1710,
					"stride": 3,
					"offset": 6840,
					"dataType": 1
				},
				"uvsAttrDesc": {
					"count": 1140,
					"stride": 2,
					"offset": 13680,
					"dataType": 1
				},
				"indicesAttrDesc": {
					"count": 840,
					"stride": 1,
					"offset": 18240,
					"dataType": 0
				},
				"subMeshesAttrDesc": {
					"count": 1,
					"stride": 5,
					"offset": 21600,
					"dataType": 0
				}
			},
			"positions": null,
			"normals": null,
			"uvs": null,
			"hasUVs": true,
			"indices": null
		}
	],
	"multiMaterials": [],
	"lods": []
}