{
	"materials": [],
	"meshes": [
		{
			"name": "Stairs",
			"id": "1de69f71-e093-4023-a3a8-8b2977a9e415",
			"uniqueId": 37,
			"type": "Mesh",
			"position": [
				-1.299797773361206,
				-0.1859264373779297,
				0.9986238479614258
			],
			"rotationQuaternion": [
				0,
				0,
				0,
				1
			],
			"scaling": [
				1,
				0.9208472371101379,
				1.5
			],
			"localMatrix": {
				"0": 1,
				"1": 0,
				"2": 0,
				"3": 0,
				"4": 0,
				"5": 1,
				"6": 0,
				"7": 0,
				"8": 0,
				"9": 0,
				"10": 1,
				"11": 0,
				"12": 0,
				"13": 0,
				"14": 0,
				"15": 1
			},
			"isEnabled": true,
			"isVisible": true,
			"infiniteDistance": false,
			"pickable": true,
			"receiveShadows": false,
			"billboardMode": 0,
			"visibility": 1,
			"checkCollisions": false,
			"isBlocker": false,
			"overrideMaterialSideOrientation": 0,
			"parentId": "418f5580-5f32-4803-935a-1708de50ecdc",
			"isUnIndexed": false,
			"geometryId": "c6d18ee9-f9c2-4aa9-80a2-e5b2fe8cc1fb",
			"subMeshes": null,
			"materialId": "98d0daa4-f103-490f-8e76-7109d5e299be",
			"metadata": {
				"gltf": {
					"pointers": [
						"/meshes/5/primitives/0",
						"/nodes/7"
					]
				},
				"basePoseMatrix": {
					"0": -1,
					"1": 0,
					"2": 0,
					"3": 0,
					"4": 0,
					"5": 1.0859564542770386,
					"6": 0,
					"7": 0,
					"8": 0,
					"9": 0,
					"10": 0.6666666865348816,
					"11": 0,
					"12": 1.299797773361206,
					"13": 0.20190800726413727,
					"14": -0.6657492518424988,
					"15": 1
				},
				"originalSourceFile": {
					"id": "Stairs",
					"name": "Stairs",
					"sceneFileName": "uploads_files_2770156_House#3+SmartMaterials.glb"
				},
				"isPickable": true
			},
			"instances": [],
			"animations": [],
			"ranges": [],
			"layerMask": 268435455,
			"alphaIndex": 1.7976931348623157e+308,
			"hasVertexAlpha": false,
			"overlayAlpha": 0.3,
			"overlayColor": [
				1,
				0,
				0
			],
			"applyFog": true,
			"delayLoadingFile": "geometries/c6d18ee9-f9c2-4aa9-80a2-e5b2fe8cc1fb.babylonbinarymeshdata",
			"boundingBoxMaximum": [
				0.29979777336120605,
				0.3009068965911865,
				0.13538406789302826
			],
			"boundingBoxMinimum": [
				-0.3250720500946045,
				-0.2756326198577881,
				-0.13538406789302826
			],
			"_binaryInfo": {
				"positionsAttrDesc": {
					"count": 4596,
					"stride": 3,
					"offset": 0,
					"dataType": 1
				},
				"normalsAttrDesc": {
					"count": 4596,
					"stride": 3,
					"offset": 18384,
					"dataType": 1
				},
				"uvsAttrDesc": {
					"count": 3064,
					"stride": 2,
					"offset": 36768,
					"dataType": 1
				},
				"indicesAttrDesc": {
					"count": 2988,
					"stride": 1,
					"offset": 49024,
					"dataType": 0
				},
				"subMeshesAttrDesc": {
					"count": 1,
					"stride": 5,
					"offset": 60976,
					"dataType": 0
				}
			},
			"positions": null,
			"normals": null,
			"uvs": null,
			"hasUVs": true,
			"indices": null
		}
	],
	"multiMaterials": [],
	"lods": []
}