{
	"materials": [],
	"meshes": [
		{
			"name": "Windows_primitive1",
			"id": "db576792-22b3-4bf2-95c6-9f3a8fc6ed65",
			"uniqueId": 36,
			"type": "Mesh",
			"position": [
				0,
				0,
				0
			],
			"rotation": [
				0,
				0,
				0
			],
			"scaling": [
				1,
				1,
				1
			],
			"localMatrix": {
				"0": 1,
				"1": 0,
				"2": 0,
				"3": 0,
				"4": 0,
				"5": 1,
				"6": 0,
				"7": 0,
				"8": 0,
				"9": 0,
				"10": 1,
				"11": 0,
				"12": 0,
				"13": 0,
				"14": 0,
				"15": 1
			},
			"isEnabled": true,
			"isVisible": true,
			"infiniteDistance": false,
			"pickable": true,
			"receiveShadows": false,
			"billboardMode": 0,
			"visibility": 1,
			"checkCollisions": false,
			"isBlocker": false,
			"overrideMaterialSideOrientation": 0,
			"parentId": "c260b16b-31b5-4c6c-9b9e-c4f865d13ae8",
			"isUnIndexed": false,
			"geometryId": "7271d519-7825-4ee5-b381-8486bc1b7c21",
			"subMeshes": null,
			"materialId": "7e520f22-c13e-4d08-be7b-d14497f688a8",
			"metadata": {
				"gltf": {
					"pointers": [
						"/meshes/1/primitives/1"
					]
				},
				"basePoseMatrix": {
					"0": -5.398641586303711,
					"1": 0,
					"2": 0,
					"3": 0,
					"4": 0,
					"5": -9.082836527340987e-7,
					"6": -2.97041916847229,
					"7": 0,
					"8": 0,
					"9": 6.760133266448975,
					"10": -3.9910210603011365e-7,
					"11": 0,
					"12": -0.6132252812385559,
					"13": 0.000016729591152397916,
					"14": 3.2906863689422607,
					"15": 1
				},
				"originalSourceFile": {
					"id": "Windows_primitive1",
					"name": "Windows_primitive1",
					"sceneFileName": "uploads_files_2770156_House#3+SmartMaterials.glb"
				},
				"isPickable": true
			},
			"instances": [],
			"animations": [],
			"ranges": [],
			"layerMask": 268435455,
			"alphaIndex": 1.7976931348623157e+308,
			"hasVertexAlpha": false,
			"overlayAlpha": 0.3,
			"overlayColor": [
				1,
				0,
				0
			],
			"applyFog": true,
			"delayLoadingFile": "geometries/7271d519-7825-4ee5-b381-8486bc1b7c21.babylonbinarymeshdata",
			"boundingBoxMaximum": [
				6.318611145019531,
				10.148516654968262,
				2.7170522212982178
			],
			"boundingBoxMinimum": [
				-7.666836738586426,
				-10.148484230041504,
				-2.328190565109253
			],
			"_binaryInfo": {
				"positionsAttrDesc": {
					"count": 17565,
					"stride": 3,
					"offset": 0,
					"dataType": 1
				},
				"normalsAttrDesc": {
					"count": 17565,
					"stride": 3,
					"offset": 70260,
					"dataType": 1
				},
				"uvsAttrDesc": {
					"count": 11710,
					"stride": 2,
					"offset": 140520,
					"dataType": 1
				},
				"indicesAttrDesc": {
					"count": 8742,
					"stride": 1,
					"offset": 187360,
					"dataType": 0
				},
				"subMeshesAttrDesc": {
					"count": 1,
					"stride": 5,
					"offset": 222328,
					"dataType": 0
				}
			},
			"positions": null,
			"normals": null,
			"uvs": null,
			"hasUVs": true,
			"indices": null
		}
	],
	"multiMaterials": [],
	"lods": []
}