{
	"materials": [],
	"meshes": [
		{
			"name": "Windows_primitive0",
			"id": "ae5a7a16-95ca-4678-9ccc-3c7cddd900bb",
			"uniqueId": 38,
			"type": "Mesh",
			"position": [
				0,
				0,
				0
			],
			"rotation": [
				0,
				0,
				0
			],
			"scaling": [
				1,
				1,
				1
			],
			"localMatrix": {
				"0": 1,
				"1": 0,
				"2": 0,
				"3": 0,
				"4": 0,
				"5": 1,
				"6": 0,
				"7": 0,
				"8": 0,
				"9": 0,
				"10": 1,
				"11": 0,
				"12": 0,
				"13": 0,
				"14": 0,
				"15": 1
			},
			"isEnabled": true,
			"isVisible": true,
			"infiniteDistance": false,
			"pickable": true,
			"receiveShadows": false,
			"billboardMode": 0,
			"visibility": 1,
			"checkCollisions": false,
			"isBlocker": false,
			"overrideMaterialSideOrientation": 0,
			"parentId": "c260b16b-31b5-4c6c-9b9e-c4f865d13ae8",
			"isUnIndexed": false,
			"geometryId": "f19e2fb3-b672-4ec0-854b-0a84c63f5b20",
			"subMeshes": null,
			"materialId": "31e2835c-93c9-4d32-a648-f600e117fd5e",
			"metadata": {
				"gltf": {
					"pointers": [
						"/meshes/1/primitives/0"
					]
				},
				"basePoseMatrix": {
					"0": -5.398641586303711,
					"1": 0,
					"2": 0,
					"3": 0,
					"4": 0,
					"5": -9.082836527340987e-7,
					"6": -2.97041916847229,
					"7": 0,
					"8": 0,
					"9": 6.760133266448975,
					"10": -3.9910210603011365e-7,
					"11": 0,
					"12": -0.6132252812385559,
					"13": 0.000016729591152397916,
					"14": 3.2906863689422607,
					"15": 1
				},
				"originalSourceFile": {
					"id": "Windows_primitive0",
					"name": "Windows_primitive0",
					"sceneFileName": "uploads_files_2770156_House#3+SmartMaterials.glb"
				},
				"isPickable": true
			},
			"instances": [],
			"animations": [],
			"ranges": [],
			"layerMask": 268435455,
			"alphaIndex": 1.7976931348623157e+308,
			"hasVertexAlpha": false,
			"overlayAlpha": 0.3,
			"overlayColor": [
				1,
				0,
				0
			],
			"applyFog": true,
			"delayLoadingFile": "geometries/f19e2fb3-b672-4ec0-854b-0a84c63f5b20.babylonbinarymeshdata",
			"boundingBoxMaximum": [
				6.580855369567871,
				10.31851863861084,
				3.290687322616577
			],
			"boundingBoxMinimum": [
				-7.929080963134766,
				-10.318486213684082,
				-2.411121129989624
			],
			"_binaryInfo": {
				"positionsAttrDesc": {
					"count": 163179,
					"stride": 3,
					"offset": 0,
					"dataType": 1
				},
				"normalsAttrDesc": {
					"count": 163179,
					"stride": 3,
					"offset": 652716,
					"dataType": 1
				},
				"uvsAttrDesc": {
					"count": 108786,
					"stride": 2,
					"offset": 1305432,
					"dataType": 1
				},
				"indicesAttrDesc": {
					"count": 83406,
					"stride": 1,
					"offset": 1740576,
					"dataType": 0
				},
				"subMeshesAttrDesc": {
					"count": 1,
					"stride": 5,
					"offset": 2074200,
					"dataType": 0
				}
			},
			"positions": null,
			"normals": null,
			"uvs": null,
			"hasUVs": true,
			"indices": null
		}
	],
	"multiMaterials": [],
	"lods": []
}