{
	"tags": null,
	"position": [
		6.456170558929443,
		1.220046043395996,
		4.346330642700195
	],
	"rotation": [
		0,
		0,
		0
	],
	"rotationQuaternion": [
		0.6339610815048218,
		0.3269540071487427,
		-0.3374183773994446,
		0.6142827272415161
	],
	"scaling": [
		1,
		1,
		1
	],
	"billboardMode": 0,
	"scalingDeterminant": 1,
	"infiniteDistance": false,
	"ignoreNonUniformScaling": false,
	"reIntegrateRotationIntoRotationQuaternion": false,
	"name": "Camera.001",
	"id": "54b53413-8b87-4ce7-8282-1c41f685f274",
	"state": "",
	"metadata": {
		"gltf": {
			"pointers": [
				"/nodes/1"
			],
			"editorDone": true
		}
	},
	"type": "TransformNode",
	"parentId": "418f5580-5f32-4803-935a-1708de50ecdc",
	"localMatrix": {
		"0": 1,
		"1": 0,
		"2": 0,
		"3": 0,
		"4": 0,
		"5": 1,
		"6": 0,
		"7": 0,
		"8": 0,
		"9": 0,
		"10": 1,
		"11": 0,
		"12": 0,
		"13": 0,
		"14": 0,
		"15": 1
	},
	"isEnabled": true
}