{
	"tags": null,
	"position": [
		7.180199146270752,
		4.6719489097595215,
		6.7596821784973145
	],
	"rotation": [
		0,
		0,
		0
	],
	"rotationQuaternion": [
		0.5302421450614929,
		0.3258674144744873,
		-0.23104843497276306,
		0.7478438019752502
	],
	"scaling": [
		1,
		1,
		1
	],
	"billboardMode": 0,
	"scalingDeterminant": 1,
	"infiniteDistance": false,
	"ignoreNonUniformScaling": false,
	"reIntegrateRotationIntoRotationQuaternion": false,
	"name": "Camera",
	"id": "7a6e70ae-8d0b-4bba-92dd-da438cb1210a",
	"state": "",
	"metadata": {
		"gltf": {
			"pointers": [
				"/nodes/0"
			],
			"editorDone": true
		}
	},
	"type": "TransformNode",
	"parentId": "418f5580-5f32-4803-935a-1708de50ecdc",
	"localMatrix": {
		"0": 1,
		"1": 0,
		"2": 0,
		"3": 0,
		"4": 0,
		"5": 1,
		"6": 0,
		"7": 0,
		"8": 0,
		"9": 0,
		"10": 1,
		"11": 0,
		"12": 0,
		"13": 0,
		"14": 0,
		"15": 1
	},
	"isEnabled": true
}