{
	"tags": null,
	"position": [
		6.784535884857178,
		3.4678421020507812,
		-10.024430274963379
	],
	"rotation": [
		0,
		0,
		0
	],
	"rotationQuaternion": [
		0.16907575726509094,
		0.7558803558349609,
		-0.27217137813568115,
		0.570947527885437
	],
	"scaling": [
		1,
		1,
		1
	],
	"billboardMode": 0,
	"scalingDeterminant": 1,
	"infiniteDistance": false,
	"ignoreNonUniformScaling": false,
	"reIntegrateRotationIntoRotationQuaternion": false,
	"name": "SoftLight 1",
	"id": "f43cae1f-6fea-4d6f-985b-0dad34df3fde",
	"state": "",
	"metadata": {
		"gltf": {
			"pointers": [
				"/nodes/9"
			],
			"editorDone": true
		}
	},
	"type": "TransformNode",
	"parentId": "418f5580-5f32-4803-935a-1708de50ecdc",
	"localMatrix": {
		"0": 1,
		"1": 0,
		"2": 0,
		"3": 0,
		"4": 0,
		"5": 1,
		"6": 0,
		"7": 0,
		"8": 0,
		"9": 0,
		"10": 1,
		"11": 0,
		"12": 0,
		"13": 0,
		"14": 0,
		"15": 1
	},
	"isEnabled": true
}