{
	"tags": null,
	"position": [
		0.11358880996704102,
		1.107818841934204,
		-0.0000023258976398210507
	],
	"rotation": [
		0,
		0,
		0
	],
	"rotationQuaternion": [
		0.7071068286895752,
		0,
		0,
		0.7071068286895752
	],
	"scaling": [
		0.1852317750453949,
		0.14792606234550476,
		0.3366527557373047
	],
	"billboardMode": 0,
	"scalingDeterminant": 1,
	"infiniteDistance": false,
	"ignoreNonUniformScaling": false,
	"reIntegrateRotationIntoRotationQuaternion": false,
	"name": "Windows",
	"id": "c260b16b-31b5-4c6c-9b9e-c4f865d13ae8",
	"state": "",
	"metadata": {
		"gltf": {
			"pointers": [
				"/nodes/3"
			],
			"editorDone": true
		}
	},
	"type": "TransformNode",
	"parentId": "418f5580-5f32-4803-935a-1708de50ecdc",
	"localMatrix": {
		"0": 1,
		"1": 0,
		"2": 0,
		"3": 0,
		"4": 0,
		"5": 1,
		"6": 0,
		"7": 0,
		"8": 0,
		"9": 0,
		"10": 1,
		"11": 0,
		"12": 0,
		"13": 0,
		"14": 0,
		"15": 1
	},
	"isEnabled": true
}