{
	"tags": null,
	"shadowFrustumSize": 0,
	"shadowOrthoScale": 0.1,
	"autoUpdateExtends": true,
	"autoCalcShadowZBounds": false,
	"diffuse": [
		1,
		1,
		1
	],
	"specular": [
		1,
		1,
		1
	],
	"falloffType": 0,
	"intensity": 1,
	"range": 1.7976931348623157e+308,
	"intensityMode": 0,
	"radius": 0.00001,
	"_renderPriority": 0,
	"shadowEnabled": true,
	"excludeWithLayerMask": 0,
	"includeOnlyWithLayerMask": 0,
	"lightmapMode": 0,
	"position": [
		25.446041107177734,
		50.89208221435547,
		25.446041107177734
	],
	"direction": [
		-1,
		-2,
		-1
	],
	"name": "New Directional Light",
	"id": "45e24757-a7bb-4e96-b2c1-c04339f3563c",
	"state": "",
	"metadata": {
		"script": {
			"name": "None"
		}
	},
	"type": 1,
	"excludedMeshesIds": [
		"54ec2bc9-a391-4cf9-9149-59bd1c6e7652",
		"1616008e-6180-43d4-8b16-4e81c5dab0ff",
		"9b96782a-460e-48b6-98eb-2be1b798d160",
		"90ae80d9-17d9-49ea-a56c-3e184571d8d2",
		"9d113fba-b2c4-436f-9e17-9ec04e7bd7ac",
		"f75e4db7-a2ac-4628-9c10-cc57dd66f138",
		"8514a1d1-b559-4196-8cbf-2e454c628885",
		"d83f52e1-1775-4289-a3ef-db351de84757",
		"78b11ae3-8839-4e30-9e18-e40f524bdf7c",
		"0acb1126-8a1e-495a-8ef1-652d97144f22",
		"b1ce86ef-d0ea-4df1-9f3a-1b585eb187d2",
		"f93215c3-c796-4849-b98e-cc4cef6c6e25",
		"e9a23fdd-bd0d-4071-aa29-ace52006842a",
		"b93de967-ff15-4f21-900e-4ad96d4fe03d"
	],
	"animations": [],
	"ranges": []
}