{
	"tags": null,
	"shadowAngle": 1.5707963267948966,
	"diffuse": [
		1,
		1,
		1
	],
	"specular": [
		1,
		1,
		1
	],
	"falloffType": 0,
	"intensity": 1,
	"range": 1.7976931348623157e+308,
	"intensityMode": 0,
	"radius": 0.00001,
	"_renderPriority": 0,
	"shadowEnabled": true,
	"excludeWithLayerMask": 0,
	"includeOnlyWithLayerMask": 0,
	"lightmapMode": 0,
	"position": [
		0.35226312279701233,
		4.6352386474609375,
		-0.008848306722939014
	],
	"name": "New Point Light",
	"id": "ad845762-353d-458e-850c-bf5410cbd816",
	"state": "",
	"metadata": {
		"script": {
			"name": "None"
		}
	},
	"type": 0,
	"animations": [],
	"ranges": []
}